system,dataset,F1@20ms (%),F1@50ms (%),AAS (ms),%>50ms,PER (%),N_ref,n_files
whisper->CTC,rhap,41.56619562461099,80.55741257290394,51.852970485273055,25.87115725092548,19.08894190756256,90115,56
whisper->CTC,mon,32.77467411545623,68.90130353817504,80.0722906976749,39.53488372093023,24.100719424460433,278,0
whisper->CTC,cereb,23.784722222222225,66.84027777777777,112.64912488722176,59.49781659388647,26.109215017064848,586,0
whisper->CTC,sla,32.432432432432435,75.47547547547548,98.70509739030638,46.42857142857143,40.54054054054054,518,0
whisper->CTC,park,27.89518174133559,76.41589180050718,72.28938473424247,46.79752066115703,21.895424836601308,612,0
whisper->CTC,ctrl,28.233305156382084,75.06339814032123,466.7260799701335,44.74226804123712,27.500000000000004,560,0
whisper->MFA,rhap,71.45853984646948,87.61728025081261,39.617453390739726,11.13860722141746,19.08894190756256,90115,56
whisper->MFA,mon,49.883449883449885,75.29137529137529,97.43421884619008,23.887240356083087,26.95852534562212,434,0
whisper->MFA,cereb,60.03521126760564,77.11267605633803,64.54694748713953,20.774647887323944,31.42361111111111,576,0
whisper->MFA,sla,47.924528301886795,64.33962264150944,115.15758848580252,34.25655976676385,43.31550802139038,561,0
whisper->MFA,park,83.06010928961747,91.98542805100185,27.303977137628777,4.784688995215311,30.29197080291971,548,0
whisper->MFA,ctrl,75.06339814032123,88.08114961961115,433.18228520262664,14.22680412371134,27.500000000000004,560,0
w2v->CTC,rhap,53.96697774587223,84.61852117731515,38.398940275253075,20.322643469228773,16.309160517117014,90115,56
w2v->CTC,mon,38.34586466165413,72.18045112781955,61.55068385650223,38.56502242152467,20.503597122302157,278,0
w2v->CTC,cereb,26.759339704604695,64.81320590790617,74.80507288861135,39.91596638655462,22.35494880546075,586,0
w2v->CTC,sla,43.556443556443554,74.12587412587412,41.8854823958073,26.31578947368421,34.36293436293436,518,0
w2v->CTC,park,38.87945670628184,78.09847198641765,38.858969850009146,24.543610547667345,20.09803921568627,612,0
w2v->CTC,ctrl,40.340425531914896,75.40425531914893,618.1302557145387,31.92148760330579,26.96428571428571,560,0
w2v->MFA,rhap,71.75994256999282,87.9770279971285,42.48352548039461,11.232147494157362,16.309160517117014,90115,56
w2v->MFA,mon,53.191489361702125,75.41371158392435,95.69382050722824,23.80281690140845,20.04608294930875,434,0
w2v->MFA,cereb,62.11723534558181,78.91513560804898,84.14133245717018,19.759825327510917,25.0,576,0
w2v->MFA,sla,44.724104549854786,62.92352371732818,109.45781947091218,36.235955056179776,38.50267379679144,561,0
w2v->MFA,park,80.83560399636693,92.09809264305176,28.611627953307337,4.666666666666667,24.45255474452555,548,0
w2v->MFA,ctrl,75.40425531914893,88.0,599.2603249823513,16.83884297520661,26.96428571428571,560,0
wavlm->CTC,rhap,42.56494854875179,80.44506483318722,56.39638924231362,27.740904621435597,15.540143150418908,90115,56
wavlm->CTC,mon,30.22388059701492,65.29850746268657,99.20196870394204,46.56652360515021,17.26618705035971,278,0
wavlm->CTC,cereb,17.322834645669293,61.94225721784776,119.83824092940009,68.14345991561181,22.866894197952217,586,0
wavlm->CTC,sla,31.147540983606564,75.61475409836065,91.07370238906223,48.76373626373626,33.011583011583014,518,0
wavlm->CTC,park,27.76831345826235,76.6609880749574,81.63877841694625,52.42914979757085,20.09803921568627,612,0
wavlm->CTC,ctrl,28.061224489795915,74.82993197278911,468.7758615322843,42.62295081967213,26.25,560,0
wavlm->MFA,rhap,71.85755156660976,88.00932121268053,41.86215781064008,11.354344563473582,15.540143150418908,90115,56
wavlm->MFA,mon,51.1904761904762,74.76190476190477,110.54953792331358,24.52316076294278,17.741935483870968,434,0
wavlm->MFA,cereb,61.57941437444543,78.43833185448092,69.50889282931924,21.908893709327547,22.569444444444446,576,0
wavlm->MFA,sla,46.16840113528855,65.27909176915799,101.211592285404,36.09756097560975,28.698752228163993,561,0
wavlm->MFA,park,81.87556357078448,92.69612263300272,28.133816034688444,5.531914893617021,20.072992700729927,548,0
wavlm->MFA,ctrl,75.51020408163265,88.09523809523809,431.1448339493212,14.651639344262296,26.25,560,0
GoldPh->MFA,rhap,74.60911058092437,91.649558896965,33.34470084891484,10.849470121511402,0.0,90115,56
GoldPh->MFA,tapas,37.77777777777777,71.11111111111111,61.15410281449594,38.52813852813853,18.705035971223023,278,0
GoldPh->MFA,cereb,75.26690391459074,89.32384341637011,41.0982825574894,11.298932384341636,0.0,562,0
GoldPh->MFA,sla,67.37588652482269,84.75177304964538,39.40024165395121,16.400709219858157,0.0,564,0
GoldPh->MFA,park,82.38434163701068,95.37366548042704,15.67236796105644,5.871886120996441,0.0,562,0
GoldPh->MFA,ctrl,81.62911611785096,94.28076256499132,25.00419434924107,5.979202772963605,0.0,577,0
GoldW+G2P->MFA,rhap,67.49193628934181,82.95898523562485,42.10527193848143,13.555116922992571,22.79753648116296,90115,56
GoldW+G2P->MFA,cereb,58.67195242814668,72.94350842418235,305.0922409758532,25.62189054726368,29.7153024911032,562,0
GoldW+G2P->MFA,sla,60.23391812865496,76.0233918128655,37.651316526927936,17.68867924528302,25.53191489361702,564,0
GoldW+G2P->MFA,park,70.10710808179164,83.93378773125607,21.58217403160856,8.633093525179856,27.75800711743772,562,0
GoldW+G2P->MFA,ctrl,71.97696737044144,83.49328214971209,23.951600868316625,7.363420427553444,27.55632582322357,577,0
ASR+G2P->MFA,rhap,62.94614705511413,77.34140496910076,62.15188886752505,14.49000192270717,33.067746768018644,90115,56
ASR+G2P->MFA,mon,46.95201037613489,68.74189364461736,81.17312958230734,22.90969899665552,32.71889400921659,434,0
ASR+G2P->MFA,cereb,55.56650246305418,69.35960591133006,38.532375321348674,18.342391304347828,39.49579831932773,595,0
ASR+G2P->MFA,sla,44.31946006749156,54.21822272215972,193.9345763609537,34.30232558139535,55.38194444444444,576,0
ASR+G2P->MFA,park,60.769230769230774,74.03846153846153,109.97365891337384,17.447916666666664,38.0718954248366,612,0
ASR+G2P->MFA,ctrl,68.18632309217047,82.25966303270566,21.695747401013755,6.505102040816327,32.34782608695652,575,0
